IlluminaName,SampleID,Island,Species,Structure DNA Extracted from,GPS Coordinates ,RC 3' Illumina adaptor,RC_Barcode,Barcode,Linker,Gene Primer (ITS2),Full Sequence (Adaptor&Barcode&Linker&Geneprimer) (5'-3')
AOO2056,Sarg_TPL_HF_01,TPL,Sargassum,Hold Fast,1.234695N 103.721102E,CAAGCAGAAGACGGCATACGAGAT,GGAGACAAGGGA,TCCCTTGTCTCC,CG,GCTGCGTTCTTCATCGATGC ,CAAGCAGAAGACGGCATACGAGATTCCCTTGTCTCCCGGCTGCGTTCTTCATCGATGC 
AOO2057,Sarg_TPL_HF_02,TPL,Sargassum,Hold Fast,1.234695N 103.721102E,CAAGCAGAAGACGGCATACGAGAT,AATCAGTCTCGT,ACGAGACTGATT,CG,GCTGCGTTCTTCATCGATGC ,CAAGCAGAAGACGGCATACGAGATACGAGACTGATTCGGCTGCGTTCTTCATCGATGC 
AOO2058,Sarg_TPL_HF_03,TPL,Sargassum,Hold Fast,1.234695N 103.721102E,CAAGCAGAAGACGGCATACGAGAT,AATCCGTACAGC,GCTGTACGGATT,CG,GCTGCGTTCTTCATCGATGC ,CAAGCAGAAGACGGCATACGAGATGCTGTACGGATTCGGCTGCGTTCTTCATCGATGC 
AOO2059,Sarg_TPL_HF_04,TPL,Sargassum,Hold Fast,1.234695N 103.721102E,CAAGCAGAAGACGGCATACGAGAT,ACACCTGGTGAT,ATCACCAGGTGT,CG,GCTGCGTTCTTCATCGATGC ,CAAGCAGAAGACGGCATACGAGATATCACCAGGTGTCGGCTGCGTTCTTCATCGATGC 
AOO2060,Sarg_TPL_HF_05,TPL,Sargassum,Hold Fast,1.234695N 103.721102E,CAAGCAGAAGACGGCATACGAGAT,TATCGTTGACCA,TGGTCAACGATA,CG,GCTGCGTTCTTCATCGATGC ,CAAGCAGAAGACGGCATACGAGATTGGTCAACGATACGGCTGCGTTCTTCATCGATGC 
AOO2061,Sarg_TPL_HF_06,TPL,Sargassum,Hold Fast,1.234695N 103.721102E,CAAGCAGAAGACGGCATACGAGAT,TTACTGTGCGAT,ATCGCACAGTAA,CG,GCTGCGTTCTTCATCGATGC ,CAAGCAGAAGACGGCATACGAGATATCGCACAGTAACGGCTGCGTTCTTCATCGATGC 
AOO2062,Sarg_TPL_HF_07,TPL,Sargassum,Hold Fast,1.234695N 103.721102E,CAAGCAGAAGACGGCATACGAGAT,AGGCTACACGAC,GTCGTGTAGCCT,CG,GCTGCGTTCTTCATCGATGC ,CAAGCAGAAGACGGCATACGAGATGTCGTGTAGCCTCGGCTGCGTTCTTCATCGATGC 
AOO2063,Sarg_TPL_HF_08,TPL,Sargassum,Hold Fast,1.234695N 103.721102E,CAAGCAGAAGACGGCATACGAGAT,CTAACCTCCGCT,AGCGGAGGTTAG,CG,GCTGCGTTCTTCATCGATGC ,CAAGCAGAAGACGGCATACGAGATAGCGGAGGTTAGCGGCTGCGTTCTTCATCGATGC 
AOO2064,Sarg_TPL_Leaf_01,TPL,Sargassum,Leaf,1.234695N 103.721102E,CAAGCAGAAGACGGCATACGAGAT,GAACCAAAGGAT,ATCCTTTGGTTC,CG,GCTGCGTTCTTCATCGATGC ,CAAGCAGAAGACGGCATACGAGATATCCTTTGGTTCCGGCTGCGTTCTTCATCGATGC 
AOO2065,Sarg_TPL_Leaf_02,TPL,Sargassum,Leaf,1.234695N 103.721102E,CAAGCAGAAGACGGCATACGAGAT,GTATGCGCTGTA,TACAGCGCATAC,CG,GCTGCGTTCTTCATCGATGC ,CAAGCAGAAGACGGCATACGAGATTACAGCGCATACCGGCTGCGTTCTTCATCGATGC 
AOO2066,Sarg_TPL_Leaf_03,TPL,Sargassum,Leaf,1.234695N 103.721102E,CAAGCAGAAGACGGCATACGAGAT,GTACATACCGGT,ACCGGTATGTAC,CG,GCTGCGTTCTTCATCGATGC ,CAAGCAGAAGACGGCATACGAGATACCGGTATGTACCGGCTGCGTTCTTCATCGATGC 
AOO2067,Sarg_TPL_Leaf_04,TPL,Sargassum,Leaf,1.234695N 103.721102E,CAAGCAGAAGACGGCATACGAGAT,TCCGACACAATT,AATTGTGTCGGA,CG,GCTGCGTTCTTCATCGATGC ,CAAGCAGAAGACGGCATACGAGATAATTGTGTCGGACGGCTGCGTTCTTCATCGATGC 
AOO2068,Sarg_TPL_Leaf_05,TPL,Sargassum,Leaf,1.234695N 103.721102E,CAAGCAGAAGACGGCATACGAGAT,CCAGTGTATGCA,TGCATACACTGG,CG,GCTGCGTTCTTCATCGATGC ,CAAGCAGAAGACGGCATACGAGATTGCATACACTGGCGGCTGCGTTCTTCATCGATGC 
AOO2069,Sarg_TPL_Leaf_06,TPL,Sargassum,Leaf,1.234695N 103.721102E,CAAGCAGAAGACGGCATACGAGAT,CCTCGTTCGACT,AGTCGAACGAGG,CG,GCTGCGTTCTTCATCGATGC ,CAAGCAGAAGACGGCATACGAGATAGTCGAACGAGGCGGCTGCGTTCTTCATCGATGC 
AOO2070,Sarg_TPL_Leaf_07,TPL,Sargassum,Leaf,1.234695N 103.721102E,CAAGCAGAAGACGGCATACGAGAT,TGAGTCACTGGT,ACCAGTGACTCA,CG,GCTGCGTTCTTCATCGATGC ,CAAGCAGAAGACGGCATACGAGATACCAGTGACTCACGGCTGCGTTCTTCATCGATGC 
AOO2071,Sarg_TPL_Leaf_08,TPL,Sargassum,Leaf,1.234695N 103.721102E,CAAGCAGAAGACGGCATACGAGAT,GACTTGGTATTC,GAATACCAAGTC,CG,GCTGCGTTCTTCATCGATGC ,CAAGCAGAAGACGGCATACGAGATGAATACCAAGTCCGGCTGCGTTCTTCATCGATGC 
AOO2072,Sarg_TPL_Ves_01,TPL,Sargassum,Vesicle,1.234695N 103.721102E,CAAGCAGAAGACGGCATACGAGAT,TACACGATCTAC,GTAGATCGTGTA,CG,GCTGCGTTCTTCATCGATGC ,CAAGCAGAAGACGGCATACGAGATGTAGATCGTGTACGGCTGCGTTCTTCATCGATGC 
AOO2073,Sarg_TPL_Ves_02,TPL,Sargassum,Vesicle,1.234695N 103.721102E,CAAGCAGAAGACGGCATACGAGAT,GCACACACGTTA,TAACGTGTGTGC,CG,GCTGCGTTCTTCATCGATGC ,CAAGCAGAAGACGGCATACGAGATTAACGTGTGTGCCGGCTGCGTTCTTCATCGATGC 
AOO2074,Sarg_TPL_Ves_03,TPL,Sargassum,Vesicle,1.234695N 103.721102E,CAAGCAGAAGACGGCATACGAGAT,CACGCCATAATG,CATTATGGCGTG,CG,GCTGCGTTCTTCATCGATGC ,CAAGCAGAAGACGGCATACGAGATCATTATGGCGTGCGGCTGCGTTCTTCATCGATGC 
AOO2075,Sarg_TPL_Ves_04,TPL,Sargassum,Vesicle,1.234695N 103.721102E,CAAGCAGAAGACGGCATACGAGAT,CAGGCGTATTGG,CCAATACGCCTG,CG,GCTGCGTTCTTCATCGATGC ,CAAGCAGAAGACGGCATACGAGATCCAATACGCCTGCGGCTGCGTTCTTCATCGATGC 
AOO2076,Sarg_TPL_Ves_05,TPL,Sargassum,Vesicle,1.234695N 103.721102E,CAAGCAGAAGACGGCATACGAGAT,GGATCGCAGATC,GATCTGCGATCC,CG,GCTGCGTTCTTCATCGATGC ,CAAGCAGAAGACGGCATACGAGATGATCTGCGATCCCGGCTGCGTTCTTCATCGATGC 
AOO2077,Sarg_TPL_Ves_06,TPL,Sargassum,Vesicle,1.234695N 103.721102E,CAAGCAGAAGACGGCATACGAGAT,GCTGATGAGCTG,CAGCTCATCAGC,CG,GCTGCGTTCTTCATCGATGC ,CAAGCAGAAGACGGCATACGAGATCAGCTCATCAGCCGGCTGCGTTCTTCATCGATGC 
AOO2078,Sarg_TPL_Ves_07,TPL,Sargassum,Vesicle,1.234695N 103.721102E,CAAGCAGAAGACGGCATACGAGAT,AGCTGTTGTTTG,CAAACAACAGCT,CG,GCTGCGTTCTTCATCGATGC ,CAAGCAGAAGACGGCATACGAGATCAAACAACAGCTCGGCTGCGTTCTTCATCGATGC 
AOO2079,Sarg_TPL_Ves_08,TPL,Sargassum,Vesicle,1.234695N 103.721102E,CAAGCAGAAGACGGCATACGAGAT,GGATGGTGTTGC,GCAACACCATCC,CG,GCTGCGTTCTTCATCGATGC ,CAAGCAGAAGACGGCATACGAGATGCAACACCATCCCGGCTGCGTTCTTCATCGATGC 
AOO2080,Sarg_Blank_1,Blank,Blank,Blank,Blank,CAAGCAGAAGACGGCATACGAGAT,GCGATATATCGC,GCGATATATCGC,CG,GCTGCGTTCTTCATCGATGC ,CAAGCAGAAGACGGCATACGAGATGCGATATATCGCCGGCTGCGTTCTTCATCGATGC 
AOO2081,Sarg_TPT_HF_01,TPT,Sargassum,Hold Fast,1.226013N 103.729599E,CAAGCAGAAGACGGCATACGAGAT,TAGGATTGCTCG,CGAGCAATCCTA,CG,GCTGCGTTCTTCATCGATGC ,CAAGCAGAAGACGGCATACGAGATCGAGCAATCCTACGGCTGCGTTCTTCATCGATGC 
AOO2082,Sarg_TPT_HF_02,TPT,Sargassum,Hold Fast,1.226013N 103.729599E,CAAGCAGAAGACGGCATACGAGAT,ATGTGCACGACT,AGTCGTGCACAT,CG,GCTGCGTTCTTCATCGATGC ,CAAGCAGAAGACGGCATACGAGATAGTCGTGCACATCGGCTGCGTTCTTCATCGATGC 
AOO2083,Sarg_TPT_HF_03,TPT,Sargassum,Hold Fast,1.226013N 103.729599E,CAAGCAGAAGACGGCATACGAGAT,ACGCGCAGATAC,GTATCTGCGCGT,CG,GCTGCGTTCTTCATCGATGC ,CAAGCAGAAGACGGCATACGAGATGTATCTGCGCGTCGGCTGCGTTCTTCATCGATGC 
AOO2084,Sarg_TPT_HF_04,TPT,Sargassum,Hold Fast,1.226013N 103.729599E,CAAGCAGAAGACGGCATACGAGAT,GACTTTCCCTCG,CGAGGGAAAGTC,CG,GCTGCGTTCTTCATCGATGC ,CAAGCAGAAGACGGCATACGAGATCGAGGGAAAGTCCGGCTGCGTTCTTCATCGATGC 
AOO2085,Sarg_TPT_HF_05,TPT,Sargassum,Hold Fast,1.226013N 103.729599E,CAAGCAGAAGACGGCATACGAGAT,ATCCCGAATTTG,CAAATTCGGGAT,CG,GCTGCGTTCTTCATCGATGC ,CAAGCAGAAGACGGCATACGAGATCAAATTCGGGATCGGCTGCGTTCTTCATCGATGC 
AOO2086,Sarg_TPT_HF_06,TPT,Sargassum,Hold Fast,1.226013N 103.729599E,CAAGCAGAAGACGGCATACGAGAT,GTTGGTCAATCT,AGATTGACCAAC,CG,GCTGCGTTCTTCATCGATGC ,CAAGCAGAAGACGGCATACGAGATAGATTGACCAACCGGCTGCGTTCTTCATCGATGC 
AOO2087,Sarg_TPT_HF_07,TPT,Sargassum,Hold Fast,1.226013N 103.729599E,CAAGCAGAAGACGGCATACGAGAT,TAGCTCGTAACT,AGTTACGAGCTA,CG,GCTGCGTTCTTCATCGATGC ,CAAGCAGAAGACGGCATACGAGATAGTTACGAGCTACGGCTGCGTTCTTCATCGATGC 
AOO2088,Sarg_TPT_HF_08,TPT,Sargassum,Hold Fast,1.226013N 103.729599E,CAAGCAGAAGACGGCATACGAGAT,CAGTGCATATGC,GCATATGCACTG,CG,GCTGCGTTCTTCATCGATGC ,CAAGCAGAAGACGGCATACGAGATGCATATGCACTGCGGCTGCGTTCTTCATCGATGC 
AOO2089,Sarg_TPT_Leaf_01,TPT,Sargassum,Leaf,1.226013N 103.729599E,CAAGCAGAAGACGGCATACGAGAT,TCACGGGAGTTG,CAACTCCCGTGA,CG,GCTGCGTTCTTCATCGATGC ,CAAGCAGAAGACGGCATACGAGATCAACTCCCGTGACGGCTGCGTTCTTCATCGATGC 
AOO2090,Sarg_TPT_Leaf_02,TPT,Sargassum,Leaf,1.226013N 103.729599E,CAAGCAGAAGACGGCATACGAGAT,CTGCTAACGCAA,TTGCGTTAGCAG,CG,GCTGCGTTCTTCATCGATGC ,CAAGCAGAAGACGGCATACGAGATTTGCGTTAGCAGCGGCTGCGTTCTTCATCGATGC 
AOO2091,Sarg_TPT_Leaf_03,TPT,Sargassum,Leaf,1.226013N 103.729599E,CAAGCAGAAGACGGCATACGAGAT,TTAGGGCTCGTA,TACGAGCCCTAA,CG,GCTGCGTTCTTCATCGATGC ,CAAGCAGAAGACGGCATACGAGATTACGAGCCCTAACGGCTGCGTTCTTCATCGATGC 
AOO2092,Sarg_TPT_Leaf_04,TPT,Sargassum,Leaf,1.226013N 103.729599E,CAAGCAGAAGACGGCATACGAGAT,TCTAGCGTAGTG,CACTACGCTAGA,CG,GCTGCGTTCTTCATCGATGC ,CAAGCAGAAGACGGCATACGAGATCACTACGCTAGACGGCTGCGTTCTTCATCGATGC 
AOO2093,Sarg_TPT_Leaf_05,TPT,Sargassum,Leaf,1.226013N 103.729599E,CAAGCAGAAGACGGCATACGAGAT,TCGAGGACTGCA,TGCAGTCCTCGA,CG,GCTGCGTTCTTCATCGATGC ,CAAGCAGAAGACGGCATACGAGATTGCAGTCCTCGACGGCTGCGTTCTTCATCGATGC 
AOO2094,Sarg_TPT_Leaf_06,TPT,Sargassum,Leaf,1.226013N 103.729599E,CAAGCAGAAGACGGCATACGAGAT,CGGAGCTATGGT,ACCATAGCTCCG,CG,GCTGCGTTCTTCATCGATGC ,CAAGCAGAAGACGGCATACGAGATACCATAGCTCCGCGGCTGCGTTCTTCATCGATGC 
AOO2095,Sarg_TPT_Leaf_07,TPT,Sargassum,Leaf,1.226013N 103.729599E,CAAGCAGAAGACGGCATACGAGAT,AAGAGATGTCGA,TCGACATCTCTT,CG,GCTGCGTTCTTCATCGATGC ,CAAGCAGAAGACGGCATACGAGATTCGACATCTCTTCGGCTGCGTTCTTCATCGATGC 
AOO2096,Sarg_TPT_Leaf_08,TPT,Sargassum,Leaf,1.226013N 103.729599E,CAAGCAGAAGACGGCATACGAGAT,TCCAAAGTGTTC,GAACACTTTGGA,CG,GCTGCGTTCTTCATCGATGC ,CAAGCAGAAGACGGCATACGAGATGAACACTTTGGACGGCTGCGTTCTTCATCGATGC 
AOO2097,Sarg_TPT_Ves_01,TPT,Sargassum,Vesicle,1.226013N 103.729599E,CAAGCAGAAGACGGCATACGAGAT,TACAGATGGCTC,GAGCCATCTGTA,CG,GCTGCGTTCTTCATCGATGC ,CAAGCAGAAGACGGCATACGAGATGAGCCATCTGTACGGCTGCGTTCTTCATCGATGC 
AOO2098,Sarg_TPT_Ves_02,TPT,Sargassum,Vesicle,1.226013N 103.729599E,CAAGCAGAAGACGGCATACGAGAT,ACGTGTACCCAA,TTGGGTACACGT,CG,GCTGCGTTCTTCATCGATGC ,CAAGCAGAAGACGGCATACGAGATTTGGGTACACGTCGGCTGCGTTCTTCATCGATGC 
AOO2099,Sarg_TPT_Ves_03,TPT,Sargassum,Vesicle,1.226013N 103.729599E,CAAGCAGAAGACGGCATACGAGAT,AAGGAGCGCCTT,AAGGCGCTCCTT,CG,GCTGCGTTCTTCATCGATGC ,CAAGCAGAAGACGGCATACGAGATAAGGCGCTCCTTCGGCTGCGTTCTTCATCGATGC 
AOO2100,Sarg_TPT_Ves_04,TPT,Sargassum,Vesicle,1.226013N 103.729599E,CAAGCAGAAGACGGCATACGAGAT,CGATCCGTATTA,TAATACGGATCG,CG,GCTGCGTTCTTCATCGATGC ,CAAGCAGAAGACGGCATACGAGATTAATACGGATCGCGGCTGCGTTCTTCATCGATGC 
AOO2101,Sarg_TPT_Ves_05,TPT,Sargassum,Vesicle,1.226013N 103.729599E,CAAGCAGAAGACGGCATACGAGAT,GTCTAATTCCGA,TCGGAATTAGAC,CG,GCTGCGTTCTTCATCGATGC ,CAAGCAGAAGACGGCATACGAGATTCGGAATTAGACCGGCTGCGTTCTTCATCGATGC 
AOO2102,Sarg_TPT_Ves_06,TPT,Sargassum,Vesicle,1.226013N 103.729599E,CAAGCAGAAGACGGCATACGAGAT,TCCGAATTCACA,TGTGAATTCGGA,CG,GCTGCGTTCTTCATCGATGC ,CAAGCAGAAGACGGCATACGAGATTGTGAATTCGGACGGCTGCGTTCTTCATCGATGC 
AOO2103,Sarg_TPT_Ves_07,TPT,Sargassum,Vesicle,1.226013N 103.729599E,CAAGCAGAAGACGGCATACGAGAT,ACGCCACGAATG,CATTCGTGGCGT,CG,GCTGCGTTCTTCATCGATGC ,CAAGCAGAAGACGGCATACGAGATCATTCGTGGCGTCGGCTGCGTTCTTCATCGATGC 
AOO2104,Sarg_TPT_Ves_08,TPT,Sargassum,Vesicle,1.226013N 103.729599E,CAAGCAGAAGACGGCATACGAGAT,GGCCACGTAGTA,TACTACGTGGCC,CG,GCTGCGTTCTTCATCGATGC ,CAAGCAGAAGACGGCATACGAGATTACTACGTGGCCCGGCTGCGTTCTTCATCGATGC 
AOO2105,Sarg_Jong_HF_01,Jong,Sargassum,Hold Fast,1.214168N 103.786423E,CAAGCAGAAGACGGCATACGAGAT,TAGGAACTGGCC,GGCCAGTTCCTA,CG,GCTGCGTTCTTCATCGATGC ,CAAGCAGAAGACGGCATACGAGATGGCCAGTTCCTACGGCTGCGTTCTTCATCGATGC 
AOO2106,Sarg_Jong_HF_02,Jong,Sargassum,Hold Fast,1.214168N 103.786423E,CAAGCAGAAGACGGCATACGAGAT,CTAGCGAACATC,GATGTTCGCTAG,CG,GCTGCGTTCTTCATCGATGC ,CAAGCAGAAGACGGCATACGAGATGATGTTCGCTAGCGGCTGCGTTCTTCATCGATGC 
AOO2107,Sarg_Jong_HF_03,Jong,Sargassum,Hold Fast,1.214168N 103.786423E,CAAGCAGAAGACGGCATACGAGAT,GACAGGAGATAG,CTATCTCCTGTC,CG,GCTGCGTTCTTCATCGATGC ,CAAGCAGAAGACGGCATACGAGATCTATCTCCTGTCCGGCTGCGTTCTTCATCGATGC 
AOO2108,Sarg_Jong_HF_04,Jong,Sargassum,Hold Fast,1.214168N 103.786423E,CAAGCAGAAGACGGCATACGAGAT,ATTCCTGTGAGT,ACTCACAGGAAT,CG,GCTGCGTTCTTCATCGATGC ,CAAGCAGAAGACGGCATACGAGATACTCACAGGAATCGGCTGCGTTCTTCATCGATGC 
AOO2109,Sarg_Jong_HF_05,Jong,Sargassum,Hold Fast,1.214168N 103.786423E,CAAGCAGAAGACGGCATACGAGAT,GAGGCTCATCAT,ATGATGAGCCTC,CG,GCTGCGTTCTTCATCGATGC ,CAAGCAGAAGACGGCATACGAGATATGATGAGCCTCCGGCTGCGTTCTTCATCGATGC 
AOO2110,Sarg_Jong_HF_06,Jong,Sargassum,Hold Fast,1.214168N 103.786423E,CAAGCAGAAGACGGCATACGAGAT,TCCTCTGTCGAC,GTCGACAGAGGA,CG,GCTGCGTTCTTCATCGATGC ,CAAGCAGAAGACGGCATACGAGATGTCGACAGAGGACGGCTGCGTTCTTCATCGATGC 
AOO2111,Sarg_Jong_HF_07,Jong,Sargassum,Hold Fast,1.214168N 103.786423E,CAAGCAGAAGACGGCATACGAGAT,CTATTTGCGACA,TGTCGCAAATAG,CG,GCTGCGTTCTTCATCGATGC ,CAAGCAGAAGACGGCATACGAGATTGTCGCAAATAGCGGCTGCGTTCTTCATCGATGC 
AOO2112,Sarg_Blank_2,Blank,Blank,Blank,Blank,CAAGCAGAAGACGGCATACGAGAT,AGTAGAGGGATG,CATCCCTCTACT,CG,GCTGCGTTCTTCATCGATGC ,CAAGCAGAAGACGGCATACGAGATCATCCCTCTACTCGGCTGCGTTCTTCATCGATGC 
AOO2113,Sarg_Jong_HF_08,Jong,Sargassum,Hold Fast,1.214168N 103.786423E,CAAGCAGAAGACGGCATACGAGAT,CGCAGCGGTATA,TATACCGCTGCG,CG,GCTGCGTTCTTCATCGATGC ,CAAGCAGAAGACGGCATACGAGATTATACCGCTGCGCGGCTGCGTTCTTCATCGATGC 
AOO2114,Sarg_Jong_Leaf_01,Jong,Sargassum,Leaf,1.214168N 103.786423E,CAAGCAGAAGACGGCATACGAGAT,AATGCCTCAACT,AGTTGAGGCATT,CG,GCTGCGTTCTTCATCGATGC ,CAAGCAGAAGACGGCATACGAGATAGTTGAGGCATTCGGCTGCGTTCTTCATCGATGC 
AOO2115,Sarg_Jong_Leaf_02,Jong,Sargassum,Leaf,1.214168N 103.786423E,CAAGCAGAAGACGGCATACGAGAT,GGTGTCTATTGT,ACAATAGACACC,CG,GCTGCGTTCTTCATCGATGC ,CAAGCAGAAGACGGCATACGAGATACAATAGACACCCGGCTGCGTTCTTCATCGATGC 
AOO2116,Sarg_Jong_Leaf_03,Jong,Sargassum,Leaf,1.214168N 103.786423E,CAAGCAGAAGACGGCATACGAGAT,GTCAATTGACCG,CGGTCAATTGAC,CG,GCTGCGTTCTTCATCGATGC ,CAAGCAGAAGACGGCATACGAGATCGGTCAATTGACCGGCTGCGTTCTTCATCGATGC 
AOO2117,Sarg_Jong_Leaf_04,Jong,Sargassum,Leaf,1.214168N 103.786423E,CAAGCAGAAGACGGCATACGAGAT,ATGAGACTCCAC,GTGGAGTCTCAT,CG,GCTGCGTTCTTCATCGATGC ,CAAGCAGAAGACGGCATACGAGATGTGGAGTCTCATCGGCTGCGTTCTTCATCGATGC 
AOO2118,Sarg_Jong_Leaf_05,Jong,Sargassum,Leaf,1.214168N 103.786423E,CAAGCAGAAGACGGCATACGAGAT,GAATCTTCGAGC,GCTCGAAGATTC,CG,GCTGCGTTCTTCATCGATGC ,CAAGCAGAAGACGGCATACGAGATGCTCGAAGATTCCGGCTGCGTTCTTCATCGATGC 
AOO2119,Sarg_Jong_Leaf_06,Jong,Sargassum,Leaf,1.214168N 103.786423E,CAAGCAGAAGACGGCATACGAGAT,ACACGTAAGCCT,AGGCTTACGTGT,CG,GCTGCGTTCTTCATCGATGC ,CAAGCAGAAGACGGCATACGAGATAGGCTTACGTGTCGGCTGCGTTCTTCATCGATGC 
AOO2120,Sarg_Jong_Leaf_07,Jong,Sargassum,Leaf,1.214168N 103.786423E,CAAGCAGAAGACGGCATACGAGAT,GAGTGGTAGAGA,TCTCTACCACTC,CG,GCTGCGTTCTTCATCGATGC ,CAAGCAGAAGACGGCATACGAGATTCTCTACCACTCCGGCTGCGTTCTTCATCGATGC 
AOO2121,Sarg_Jong_Leaf_08,Jong,Sargassum,Leaf,1.214168N 103.786423E,CAAGCAGAAGACGGCATACGAGAT,GAAGTTGGAAGT,ACTTCCAACTTC,CG,GCTGCGTTCTTCATCGATGC ,CAAGCAGAAGACGGCATACGAGATACTTCCAACTTCCGGCTGCGTTCTTCATCGATGC 
AOO2122,Sarg_Jong_Ves_01,Jong,Sargassum,Vesicle,1.214168N 103.786423E,CAAGCAGAAGACGGCATACGAGAT,TTCCTAGGTGAG,CTCACCTAGGAA,CG,GCTGCGTTCTTCATCGATGC ,CAAGCAGAAGACGGCATACGAGATCTCACCTAGGAACGGCTGCGTTCTTCATCGATGC 
AOO2123,Sarg_Jong_Ves_02,Jong,Sargassum,Vesicle,1.214168N 103.786423E,CAAGCAGAAGACGGCATACGAGAT,GCACGACAACAC,GTGTTGTCGTGC,CG,GCTGCGTTCTTCATCGATGC ,CAAGCAGAAGACGGCATACGAGATGTGTTGTCGTGCCGGCTGCGTTCTTCATCGATGC 
AOO2124,Sarg_Jong_Ves_03,Jong,Sargassum,Vesicle,1.214168N 103.786423E,CAAGCAGAAGACGGCATACGAGAT,ATCGATCTGTGG,CCACAGATCGAT,CG,GCTGCGTTCTTCATCGATGC ,CAAGCAGAAGACGGCATACGAGATCCACAGATCGATCGGCTGCGTTCTTCATCGATGC 
AOO2125,Sarg_Jong_Ves_04,Jong,Sargassum,Vesicle,1.214168N 103.786423E,CAAGCAGAAGACGGCATACGAGAT,CTTGTGTCGATA,TATCGACACAAG,CG,GCTGCGTTCTTCATCGATGC ,CAAGCAGAAGACGGCATACGAGATTATCGACACAAGCGGCTGCGTTCTTCATCGATGC 
AOO2126,Sarg_Jong_Ves_05,Jong,Sargassum,Vesicle,1.214168N 103.786423E,CAAGCAGAAGACGGCATACGAGAT,TGAGCCGGAATC,GATTCCGGCTCA,CG,GCTGCGTTCTTCATCGATGC ,CAAGCAGAAGACGGCATACGAGATGATTCCGGCTCACGGCTGCGTTCTTCATCGATGC 
AOO2127,Sarg_Jong_Ves_06,Jong,Sargassum,Vesicle,1.214168N 103.786423E,CAAGCAGAAGACGGCATACGAGAT,GCGGCAATTACG,CGTAATTGCCGC,CG,GCTGCGTTCTTCATCGATGC ,CAAGCAGAAGACGGCATACGAGATCGTAATTGCCGCCGGCTGCGTTCTTCATCGATGC 
AOO2128,Sarg_Jong_Ves_07,Jong,Sargassum,Vesicle,1.214168N 103.786423E,CAAGCAGAAGACGGCATACGAGAT,GAACTAGTCACC,GGTGACTAGTTC,CG,GCTGCGTTCTTCATCGATGC ,CAAGCAGAAGACGGCATACGAGATGGTGACTAGTTCCGGCTGCGTTCTTCATCGATGC 
AOO2129,Sarg_Jong_Ves_08,Jong,Sargassum,Vesicle,1.214168N 103.786423E,CAAGCAGAAGACGGCATACGAGAT,GACGGAACCCAT,ATGGGTTCCGTC,CG,GCTGCGTTCTTCATCGATGC ,CAAGCAGAAGACGGCATACGAGATATGGGTTCCGTCCGGCTGCGTTCTTCATCGATGC 
AOO2130,Sarg_Hantu_HF_01,Hantu,Sargassum,Hold Fast,1.223054N 103.748229E,CAAGCAGAAGACGGCATACGAGAT,CAAGCATGCCTA,TAGGCATGCTTG,CG,GCTGCGTTCTTCATCGATGC ,CAAGCAGAAGACGGCATACGAGATTAGGCATGCTTGCGGCTGCGTTCTTCATCGATGC 
AOO2131,Sarg_Hantu_HF_02,Hantu,Sargassum,Hold Fast,1.223054N 103.748229E,CAAGCAGAAGACGGCATACGAGAT,CCTGAACTAGTT,AACTAGTTCAGG,CG,GCTGCGTTCTTCATCGATGC ,CAAGCAGAAGACGGCATACGAGATAACTAGTTCAGGCGGCTGCGTTCTTCATCGATGC 
AOO2132,Sarg_Hantu_HF_03,Hantu,Sargassum,Hold Fast,1.223054N 103.748229E,CAAGCAGAAGACGGCATACGAGAT,CTTCGGCAGAAT,ATTCTGCCGAAG,CG,GCTGCGTTCTTCATCGATGC ,CAAGCAGAAGACGGCATACGAGATATTCTGCCGAAGCGGCTGCGTTCTTCATCGATGC 
AOO2133,Sarg_Hantu_HF_04,Hantu,Sargassum,Hold Fast,1.223054N 103.748229E,CAAGCAGAAGACGGCATACGAGAT,ACGGGACATGCT,AGCATGTCCCGT,CG,GCTGCGTTCTTCATCGATGC ,CAAGCAGAAGACGGCATACGAGATAGCATGTCCCGTCGGCTGCGTTCTTCATCGATGC 
AOO2134,Sarg_Hantu_HF_05,Hantu,Sargassum,Hold Fast,1.223054N 103.748229E,CAAGCAGAAGACGGCATACGAGAT,GTCATATCGTAC,GTACGATATGAC,CG,GCTGCGTTCTTCATCGATGC ,CAAGCAGAAGACGGCATACGAGATGTACGATATGACCGGCTGCGTTCTTCATCGATGC 
AOO2135,Sarg_Hantu_HF_06,Hantu,Sargassum,Hold Fast,1.223054N 103.748229E,CAAGCAGAAGACGGCATACGAGAT,GGAAACCACCAC,GTGGTGGTTTCC,CG,GCTGCGTTCTTCATCGATGC ,CAAGCAGAAGACGGCATACGAGATGTGGTGGTTTCCCGGCTGCGTTCTTCATCGATGC 
AOO2136,Sarg_Hantu_HF_07,Hantu,Sargassum,Hold Fast,1.223054N 103.748229E,CAAGCAGAAGACGGCATACGAGAT,TTGCGCATACTA,TAGTATGCGCAA,CG,GCTGCGTTCTTCATCGATGC ,CAAGCAGAAGACGGCATACGAGATTAGTATGCGCAACGGCTGCGTTCTTCATCGATGC 
AOO2137,Sarg_Hantu_HF_08,Hantu,Sargassum,Hold Fast,1.223054N 103.748229E,CAAGCAGAAGACGGCATACGAGAT,ACATTCAGCGCA,TGCGCTGAATGT,CG,GCTGCGTTCTTCATCGATGC ,CAAGCAGAAGACGGCATACGAGATTGCGCTGAATGTCGGCTGCGTTCTTCATCGATGC 
AOO2138,Sarg_Hantu_Leaf_01,Hantu,Sargassum,Leaf,1.223054N 103.748229E,CAAGCAGAAGACGGCATACGAGAT,ACTGACAGCCAT,ATGGCTGTCAGT,CG,GCTGCGTTCTTCATCGATGC ,CAAGCAGAAGACGGCATACGAGATATGGCTGTCAGTCGGCTGCGTTCTTCATCGATGC 
AOO2139,Sarg_Hantu_Leaf_02,Hantu,Sargassum,Leaf,1.223054N 103.748229E,CAAGCAGAAGACGGCATACGAGAT,CGAGAAGAGAAC,GTTCTCTTCTCG,CG,GCTGCGTTCTTCATCGATGC ,CAAGCAGAAGACGGCATACGAGATGTTCTCTTCTCGCGGCTGCGTTCTTCATCGATGC 
AOO2140,Sarg_Hantu_Leaf_03,Hantu,Sargassum,Leaf,1.223054N 103.748229E,CAAGCAGAAGACGGCATACGAGAT,AGGCATCTTACG,CGTAAGATGCCT,CG,GCTGCGTTCTTCATCGATGC ,CAAGCAGAAGACGGCATACGAGATCGTAAGATGCCTCGGCTGCGTTCTTCATCGATGC 
AOO2141,Sarg_Hantu_Leaf_04,Hantu,Sargassum,Leaf,1.223054N 103.748229E,CAAGCAGAAGACGGCATACGAGAT,CAGCTAGAACGC,GCGTTCTAGCTG,CG,GCTGCGTTCTTCATCGATGC ,CAAGCAGAAGACGGCATACGAGATGCGTTCTAGCTGCGGCTGCGTTCTTCATCGATGC 
AOO2142,Sarg_Hantu_Leaf_05,Hantu,Sargassum,Leaf,1.223054N 103.748229E,CAAGCAGAAGACGGCATACGAGAT,TCCCAGAACAAC,GTTGTTCTGGGA,CG,GCTGCGTTCTTCATCGATGC ,CAAGCAGAAGACGGCATACGAGATGTTGTTCTGGGACGGCTGCGTTCTTCATCGATGC 
AOO2143,Sarg_Hantu_Leaf_06,Hantu,Sargassum,Leaf,1.223054N 103.748229E,CAAGCAGAAGACGGCATACGAGAT,AGCTGGAAGTCC,GGACTTCCAGCT,CG,GCTGCGTTCTTCATCGATGC ,CAAGCAGAAGACGGCATACGAGATGGACTTCCAGCTCGGCTGCGTTCTTCATCGATGC 
AOO2144,Sarg_Blank_3,Blank,Blank,Blank,Blank,CAAGCAGAAGACGGCATACGAGAT,CACGGTTGTGAG,CTCACAACCGTG,CG,GCTGCGTTCTTCATCGATGC ,CAAGCAGAAGACGGCATACGAGATCTCACAACCGTGCGGCTGCGTTCTTCATCGATGC 
AOO2145,Sarg_Hantu_Leaf_07,Hantu,Sargassum,Leaf,1.223054N 103.748229E,CAAGCAGAAGACGGCATACGAGAT,GAGGAATAGCAG,CTGCTATTCCTC,CG,GCTGCGTTCTTCATCGATGC ,CAAGCAGAAGACGGCATACGAGATCTGCTATTCCTCCGGCTGCGTTCTTCATCGATGC 
AOO2146,Sarg_Hantu_Leaf_08,Hantu,Sargassum,Leaf,1.223054N 103.748229E,CAAGCAGAAGACGGCATACGAGAT,CAGCGGTGACAT,ATGTCACCGCTG,CG,GCTGCGTTCTTCATCGATGC ,CAAGCAGAAGACGGCATACGAGATATGTCACCGCTGCGGCTGCGTTCTTCATCGATGC 
AOO2147,Sarg_Hantu_Ves_01,Hantu,Sargassum,Vesicle,1.223054N 103.748229E,CAAGCAGAAGACGGCATACGAGAT,ATCGGCGTTACA,TGTAACGCCGAT,CG,GCTGCGTTCTTCATCGATGC ,CAAGCAGAAGACGGCATACGAGATTGTAACGCCGATCGGCTGCGTTCTTCATCGATGC 
AOO2148,Sarg_Hantu_Ves_02,Hantu,Sargassum,Vesicle,1.223054N 103.748229E,CAAGCAGAAGACGGCATACGAGAT,AGATGTTCTGCT,AGCAGAACATCT,CG,GCTGCGTTCTTCATCGATGC ,CAAGCAGAAGACGGCATACGAGATAGCAGAACATCTCGGCTGCGTTCTTCATCGATGC 
AOO2149,Sarg_Hantu_Ves_03,Hantu,Sargassum,Vesicle,1.223054N 103.748229E,CAAGCAGAAGACGGCATACGAGAT,CCACCTACTCCA,TGGAGTAGGTGG,CG,GCTGCGTTCTTCATCGATGC ,CAAGCAGAAGACGGCATACGAGATTGGAGTAGGTGGCGGCTGCGTTCTTCATCGATGC 
AOO2150,Sarg_Hantu_Ves_04,Hantu,Sargassum,Vesicle,1.223054N 103.748229E,CAAGCAGAAGACGGCATACGAGAT,GAATAGAGCCAA,TTGGCTCTATTC,CG,GCTGCGTTCTTCATCGATGC ,CAAGCAGAAGACGGCATACGAGATTTGGCTCTATTCCGGCTGCGTTCTTCATCGATGC 
AOO2151,Sarg_Hantu_Ves_05,Hantu,Sargassum,Vesicle,1.223054N 103.748229E,CAAGCAGAAGACGGCATACGAGAT,GTACGTGGGATC,GATCCCACGTAC,CG,GCTGCGTTCTTCATCGATGC ,CAAGCAGAAGACGGCATACGAGATGATCCCACGTACCGGCTGCGTTCTTCATCGATGC 
AOO2152,Sarg_Hantu_Ves_06,Hantu,Sargassum,Vesicle,1.223054N 103.748229E,CAAGCAGAAGACGGCATACGAGAT,GAAGAAGCGGTA,TACCGCTTCTTC,CG,GCTGCGTTCTTCATCGATGC ,CAAGCAGAAGACGGCATACGAGATTACCGCTTCTTCCGGCTGCGTTCTTCATCGATGC 
AOO2153,Sarg_Hantu_Ves_07,Hantu,Sargassum,Vesicle,1.223054N 103.748229E,CAAGCAGAAGACGGCATACGAGAT,TGTTATCGCACA,TGTGCGATAACA,CG,GCTGCGTTCTTCATCGATGC ,CAAGCAGAAGACGGCATACGAGATTGTGCGATAACACGGCTGCGTTCTTCATCGATGC 
AOO2154,Sarg_Hantu_Ves_08,Hantu,Sargassum,Vesicle,1.223054N 103.748229E,CAAGCAGAAGACGGCATACGAGAT,TCGTCGATAATC,GATTATCGACGA,CG,GCTGCGTTCTTCATCGATGC ,CAAGCAGAAGACGGCATACGAGATGATTATCGACGACGGCTGCGTTCTTCATCGATGC 
AOO2155,Sarg_Semakau_HF_01,Semakau,Sargassum,Hold Fast,1.212615N 103.759078E,CAAGCAGAAGACGGCATACGAGAT,ATTGGGCTAGGC,GCCTAGCCCAAT,CG,GCTGCGTTCTTCATCGATGC ,CAAGCAGAAGACGGCATACGAGATGCCTAGCCCAATCGGCTGCGTTCTTCATCGATGC 
AOO2156,Sarg_Semakau_HF_02,Semakau,Sargassum,Hold Fast,1.212615N 103.759078E,CAAGCAGAAGACGGCATACGAGAT,ACCACATACATC,GATGTATGTGGT,CG,GCTGCGTTCTTCATCGATGC ,CAAGCAGAAGACGGCATACGAGATGATGTATGTGGTCGGCTGCGTTCTTCATCGATGC 
AOO2157,Sarg_Semakau_HF_03,Semakau,Sargassum,Hold Fast,1.212615N 103.759078E,CAAGCAGAAGACGGCATACGAGAT,AACACAAGGAGT,ACTCCTTGTGTT,CG,GCTGCGTTCTTCATCGATGC ,CAAGCAGAAGACGGCATACGAGATACTCCTTGTGTTCGGCTGCGTTCTTCATCGATGC 
AOO2158,Sarg_Semakau_HF_04,Semakau,Sargassum,Hold Fast,1.212615N 103.759078E,CAAGCAGAAGACGGCATACGAGAT,AATGTCCGTGAC,GTCACGGACATT,CG,GCTGCGTTCTTCATCGATGC ,CAAGCAGAAGACGGCATACGAGATGTCACGGACATTCGGCTGCGTTCTTCATCGATGC 
AOO2159,Sarg_Semakau_HF_05,Semakau,Sargassum,Hold Fast,1.212615N 103.759078E,CAAGCAGAAGACGGCATACGAGAT,TACTTCGCTCGC,GCGAGCGAAGTA,CG,GCTGCGTTCTTCATCGATGC ,CAAGCAGAAGACGGCATACGAGATGCGAGCGAAGTACGGCTGCGTTCTTCATCGATGC 
AOO2160,Sarg_Semakau_HF_06,Semakau,Sargassum,Hold Fast,1.212615N 103.759078E,CAAGCAGAAGACGGCATACGAGAT,GCTTCGGTAGAT,ATCTACCGAAGC,CG,GCTGCGTTCTTCATCGATGC ,CAAGCAGAAGACGGCATACGAGATATCTACCGAAGCCGGCTGCGTTCTTCATCGATGC 
AOO2161,Sarg_Semakau_HF_07,Semakau,Sargassum,Hold Fast,1.212615N 103.759078E,CAAGCAGAAGACGGCATACGAGAT,CTTACACCAAGT,ACTTGGTGTAAG,CG,GCTGCGTTCTTCATCGATGC ,CAAGCAGAAGACGGCATACGAGATACTTGGTGTAAGCGGCTGCGTTCTTCATCGATGC 
AOO2162,Sarg_Semakau_HF_08,Semakau,Sargassum,Hold Fast,1.212615N 103.759078E,CAAGCAGAAGACGGCATACGAGAT,TGACCTCCAAGA,TCTTGGAGGTCA,CG,GCTGCGTTCTTCATCGATGC ,CAAGCAGAAGACGGCATACGAGATTCTTGGAGGTCACGGCTGCGTTCTTCATCGATGC 
AOO2163,Sarg_Semakau_Leaf_01,Semakau,Sargassum,Leaf,1.212615N 103.759078E,CAAGCAGAAGACGGCATACGAGAT,ACAAGGAGGTGA,TCACCTCCTTGT,CG,GCTGCGTTCTTCATCGATGC ,CAAGCAGAAGACGGCATACGAGATTCACCTCCTTGTCGGCTGCGTTCTTCATCGATGC 
AOO2164,Sarg_Semakau_Leaf_02,Semakau,Sargassum,Leaf,1.212615N 103.759078E,CAAGCAGAAGACGGCATACGAGAT,TATCAGGTGTGC,GCACACCTGATA,CG,GCTGCGTTCTTCATCGATGC ,CAAGCAGAAGACGGCATACGAGATGCACACCTGATACGGCTGCGTTCTTCATCGATGC 
AOO2165,Sarg_Semakau_Leaf_03,Semakau,Sargassum,Leaf,1.212615N 103.759078E,CAAGCAGAAGACGGCATACGAGAT,TGTAATTGTCGC,GCGACAATTACA,CG,GCTGCGTTCTTCATCGATGC ,CAAGCAGAAGACGGCATACGAGATGCGACAATTACACGGCTGCGTTCTTCATCGATGC 
AOO2166,Sarg_Semakau_Leaf_04,Semakau,Sargassum,Leaf,1.212615N 103.759078E,CAAGCAGAAGACGGCATACGAGAT,AATGGAGCATGA,TCATGCTCCATT,CG,GCTGCGTTCTTCATCGATGC ,CAAGCAGAAGACGGCATACGAGATTCATGCTCCATTCGGCTGCGTTCTTCATCGATGC 
AOO2167,Sarg_Semakau_Leaf_05,Semakau,Sargassum,Leaf,1.212615N 103.759078E,CAAGCAGAAGACGGCATACGAGAT,AGCTTGACAGCT,AGCTGTCAAGCT,CG,GCTGCGTTCTTCATCGATGC ,CAAGCAGAAGACGGCATACGAGATAGCTGTCAAGCTCGGCTGCGTTCTTCATCGATGC 
AOO2168,Sarg_Semakau_Leaf_06,Semakau,Sargassum,Leaf,1.212615N 103.759078E,CAAGCAGAAGACGGCATACGAGAT,TCTGTTGCTCTC,GAGAGCAACAGA,CG,GCTGCGTTCTTCATCGATGC ,CAAGCAGAAGACGGCATACGAGATGAGAGCAACAGACGGCTGCGTTCTTCATCGATGC 
AOO2169,Sarg_Semakau_Leaf_07,Semakau,Sargassum,Leaf,1.212615N 103.759078E,CAAGCAGAAGACGGCATACGAGAT,AGTTCCCGAGTA,TACTCGGGAACT,CG,GCTGCGTTCTTCATCGATGC ,CAAGCAGAAGACGGCATACGAGATTACTCGGGAACTCGGCTGCGTTCTTCATCGATGC 
AOO2170,Sarg_Semakau_Leaf_08,Semakau,Sargassum,Leaf,1.212615N 103.759078E,CAAGCAGAAGACGGCATACGAGAT,AGCCTAAGCACG,CGTGCTTAGGCT,CG,GCTGCGTTCTTCATCGATGC ,CAAGCAGAAGACGGCATACGAGATCGTGCTTAGGCTCGGCTGCGTTCTTCATCGATGC 
AOO2171,Sarg_Semakau_Ves_01,Semakau,Sargassum,Vesicle,1.212615N 103.759078E,CAAGCAGAAGACGGCATACGAGAT,ATACCTTCGGTA,TACCGAAGGTAT,CG,GCTGCGTTCTTCATCGATGC ,CAAGCAGAAGACGGCATACGAGATTACCGAAGGTATCGGCTGCGTTCTTCATCGATGC 
AOO2172,Sarg_Semakau_Ves_02,Semakau,Sargassum,Vesicle,1.212615N 103.759078E,CAAGCAGAAGACGGCATACGAGAT,GAATGATGAGTG,CACTCATCATTC,CG,GCTGCGTTCTTCATCGATGC ,CAAGCAGAAGACGGCATACGAGATCACTCATCATTCCGGCTGCGTTCTTCATCGATGC 
AOO2173,Sarg_Semakau_Ves_03,Semakau,Sargassum,Vesicle,1.212615N 103.759078E,CAAGCAGAAGACGGCATACGAGAT,CGTCCGAAATAC,GTATTTCGGACG,CG,GCTGCGTTCTTCATCGATGC ,CAAGCAGAAGACGGCATACGAGATGTATTTCGGACGCGGCTGCGTTCTTCATCGATGC 
AOO2174,Sarg_Semakau_Ves_04,Semakau,Sargassum,Vesicle,1.212615N 103.759078E,CAAGCAGAAGACGGCATACGAGAT,GCAGGATAGATA,TATCTATCCTGC,CG,GCTGCGTTCTTCATCGATGC ,CAAGCAGAAGACGGCATACGAGATTATCTATCCTGCCGGCTGCGTTCTTCATCGATGC 
AOO2175,Sarg_Semakau_Ves_05,Semakau,Sargassum,Vesicle,1.212615N 103.759078E,CAAGCAGAAGACGGCATACGAGAT,GACTCTTGGCAA,TTGCCAAGAGTC,CG,GCTGCGTTCTTCATCGATGC ,CAAGCAGAAGACGGCATACGAGATTTGCCAAGAGTCCGGCTGCGTTCTTCATCGATGC 
AOO2176,Sarg_Blank_4,Blank,Blank,Blank,Blank,CAAGCAGAAGACGGCATACGAGAT,TCTTCCGCTACT,AGTAGCGGAAGA,CG,GCTGCGTTCTTCATCGATGC ,CAAGCAGAAGACGGCATACGAGATAGTAGCGGAAGACGGCTGCGTTCTTCATCGATGC 
AOO2177,Sarg_Semakau_Ves_06,Semakau,Sargassum,Vesicle,1.212615N 103.759078E,CAAGCAGAAGACGGCATACGAGAT,GTACCTAATTGC,GCAATTAGGTAC,CG,GCTGCGTTCTTCATCGATGC ,CAAGCAGAAGACGGCATACGAGATGCAATTAGGTACCGGCTGCGTTCTTCATCGATGC 
AOO2178,Sarg_Semakau_Ves_07,Semakau,Sargassum,Vesicle,1.212615N 103.759078E,CAAGCAGAAGACGGCATACGAGAT,ACTCACGGTATG,CATACCGTGAGT,CG,GCTGCGTTCTTCATCGATGC ,CAAGCAGAAGACGGCATACGAGATCATACCGTGAGTCGGCTGCGTTCTTCATCGATGC 
AOO2179,Sarg_Semakau_Ves_08,Semakau,Sargassum,Vesicle,1.212615N 103.759078E,CAAGCAGAAGACGGCATACGAGAT,GTCTACACACAT,ATGTGTGTAGAC,CG,GCTGCGTTCTTCATCGATGC ,CAAGCAGAAGACGGCATACGAGATATGTGTGTAGACCGGCTGCGTTCTTCATCGATGC 
AOO2180,Sarg_Kusu_HF_01,Kusu,Sargassum,Hold Fast,1.222358N 103.865050E,CAAGCAGAAGACGGCATACGAGAT,ATACTTCGCAGG,CCTGCGAAGTAT,CG,GCTGCGTTCTTCATCGATGC ,CAAGCAGAAGACGGCATACGAGATCCTGCGAAGTATCGGCTGCGTTCTTCATCGATGC 
AOO2181,Sarg_Kusu_HF_02,Kusu,Sargassum,Hold Fast,1.222358N 103.865050E,CAAGCAGAAGACGGCATACGAGAT,ATGTCGAGAGAA,TTCTCTCGACAT,CG,GCTGCGTTCTTCATCGATGC ,CAAGCAGAAGACGGCATACGAGATTTCTCTCGACATCGGCTGCGTTCTTCATCGATGC 
AOO2182,Sarg_Kusu_HF_03,Kusu,Sargassum,Hold Fast,1.222358N 103.865050E,CAAGCAGAAGACGGCATACGAGAT,TCTACGGAGAGC,GCTCTCCGTAGA,CG,GCTGCGTTCTTCATCGATGC ,CAAGCAGAAGACGGCATACGAGATGCTCTCCGTAGACGGCTGCGTTCTTCATCGATGC 
AOO2183,Sarg_Kusu_HF_04,Kusu,Sargassum,Hold Fast,1.222358N 103.865050E,CAAGCAGAAGACGGCATACGAGAT,GGTCAGCTTAAC,GTTAAGCTGACC,CG,GCTGCGTTCTTCATCGATGC ,CAAGCAGAAGACGGCATACGAGATGTTAAGCTGACCCGGCTGCGTTCTTCATCGATGC 
AOO2184,Sarg_Kusu_HF_05,Kusu,Sargassum,Hold Fast,1.222358N 103.865050E,CAAGCAGAAGACGGCATACGAGAT,ACGGCATGGCAT,ATGCCATGCCGT,CG,GCTGCGTTCTTCATCGATGC ,CAAGCAGAAGACGGCATACGAGATATGCCATGCCGTCGGCTGCGTTCTTCATCGATGC 
AOO2185,Sarg_Kusu_HF_06,Kusu,Sargassum,Hold Fast,1.222358N 103.865050E,CAAGCAGAAGACGGCATACGAGAT,CGTGACAATGTC,GACATTGTCACG,CG,GCTGCGTTCTTCATCGATGC ,CAAGCAGAAGACGGCATACGAGATGACATTGTCACGCGGCTGCGTTCTTCATCGATGC 
AOO2186,Sarg_Kusu_HF_07,Kusu,Sargassum,Hold Fast,1.222358N 103.865050E,CAAGCAGAAGACGGCATACGAGAT,ATGGTTGTTGGC,GCCAACAACCAT,CG,GCTGCGTTCTTCATCGATGC ,CAAGCAGAAGACGGCATACGAGATGCCAACAACCATCGGCTGCGTTCTTCATCGATGC 
AOO2187,Sarg_Kusu_HF_08,Kusu,Sargassum,Hold Fast,1.222358N 103.865050E,CAAGCAGAAGACGGCATACGAGAT,CCTAGTACTGAT,ATCAGTACTAGG,CG,GCTGCGTTCTTCATCGATGC ,CAAGCAGAAGACGGCATACGAGATATCAGTACTAGGCGGCTGCGTTCTTCATCGATGC 
AOO2188,Sarg_Kusu_Leaf_01,Kusu,Sargassum,Leaf,1.222358N 103.865050E,CAAGCAGAAGACGGCATACGAGAT,ATCGCTCGAGGA,TCCTCGAGCGAT,CG,GCTGCGTTCTTCATCGATGC ,CAAGCAGAAGACGGCATACGAGATTCCTCGAGCGATCGGCTGCGTTCTTCATCGATGC 
AOO2189,Sarg_Kusu_Leaf_02,Kusu,Sargassum,Leaf,1.222358N 103.865050E,CAAGCAGAAGACGGCATACGAGAT,TAACGCTTGGGT,ACCCAAGCGTTA,CG,GCTGCGTTCTTCATCGATGC ,CAAGCAGAAGACGGCATACGAGATACCCAAGCGTTACGGCTGCGTTCTTCATCGATGC 
AOO2190,Sarg_Kusu_Leaf_03,Kusu,Sargassum,Leaf,1.222358N 103.865050E,CAAGCAGAAGACGGCATACGAGAT,AATCTTGCTGCA,TGCAGCAAGATT,CG,GCTGCGTTCTTCATCGATGC ,CAAGCAGAAGACGGCATACGAGATTGCAGCAAGATTCGGCTGCGTTCTTCATCGATGC 
AOO2191,Sarg_Kusu_Leaf_04,Kusu,Sargassum,Leaf,1.222358N 103.865050E,CAAGCAGAAGACGGCATACGAGAT,TGCAATGTTGCT,AGCAACATTGCA,CG,GCTGCGTTCTTCATCGATGC ,CAAGCAGAAGACGGCATACGAGATAGCAACATTGCACGGCTGCGTTCTTCATCGATGC 
AOO2192,Sarg_Kusu_Leaf_05,Kusu,Sargassum,Leaf,1.222358N 103.865050E,CAAGCAGAAGACGGCATACGAGAT,TAACACCACATC,GATGTGGTGTTA,CG,GCTGCGTTCTTCATCGATGC ,CAAGCAGAAGACGGCATACGAGATGATGTGGTGTTACGGCTGCGTTCTTCATCGATGC 
AOO2193,Sarg_Kusu_Leaf_06,Kusu,Sargassum,Leaf,1.222358N 103.865050E,CAAGCAGAAGACGGCATACGAGAT,GACACATTTCTG,CAGAAATGTGTC,CG,GCTGCGTTCTTCATCGATGC ,CAAGCAGAAGACGGCATACGAGATCAGAAATGTGTCCGGCTGCGTTCTTCATCGATGC 
AOO2194,Sarg_Kusu_Leaf_07,Kusu,Sargassum,Leaf,1.222358N 103.865050E,CAAGCAGAAGACGGCATACGAGAT,CTCTACCTCTAC,GTAGAGGTAGAG,CG,GCTGCGTTCTTCATCGATGC ,CAAGCAGAAGACGGCATACGAGATGTAGAGGTAGAGCGGCTGCGTTCTTCATCGATGC 
AOO2195,Sarg_Kusu_Leaf_08,Kusu,Sargassum,Leaf,1.222358N 103.865050E,CAAGCAGAAGACGGCATACGAGAT,TAGCGGATCACG,CGTGATCCGCTA,CG,GCTGCGTTCTTCATCGATGC ,CAAGCAGAAGACGGCATACGAGATCGTGATCCGCTACGGCTGCGTTCTTCATCGATGC 
AOO2196,Sarg_Kusu_Ves_01,Kusu,Sargassum,Vesicle,1.222358N 103.865050E,CAAGCAGAAGACGGCATACGAGAT,CGCCAAATAACC,GGTTATTTGGCG,CG,GCTGCGTTCTTCATCGATGC ,CAAGCAGAAGACGGCATACGAGATGGTTATTTGGCGCGGCTGCGTTCTTCATCGATGC 
AOO2197,Sarg_Kusu_Ves_02,Kusu,Sargassum,Vesicle,1.222358N 103.865050E,CAAGCAGAAGACGGCATACGAGAT,GTATTACGATCC,GGATCGTAATAC,CG,GCTGCGTTCTTCATCGATGC ,CAAGCAGAAGACGGCATACGAGATGGATCGTAATACCGGCTGCGTTCTTCATCGATGC 
AOO2198,Sarg_Kusu_Ves_03,Kusu,Sargassum,Vesicle,1.222358N 103.865050E,CAAGCAGAAGACGGCATACGAGAT,TTGATGCTATGC,GCATAGCATCAA,CG,GCTGCGTTCTTCATCGATGC ,CAAGCAGAAGACGGCATACGAGATGCATAGCATCAACGGCTGCGTTCTTCATCGATGC 
AOO2199,Sarg_Kusu_Ves_04,Kusu,Sargassum,Vesicle,1.222358N 103.865050E,CAAGCAGAAGACGGCATACGAGAT,CACATCTAACAC,GTGTTAGATGTG,CG,GCTGCGTTCTTCATCGATGC ,CAAGCAGAAGACGGCATACGAGATGTGTTAGATGTGCGGCTGCGTTCTTCATCGATGC 
AOO2200,Sarg_Kusu_Ves_05,Kusu,Sargassum,Vesicle,1.222358N 103.865050E,CAAGCAGAAGACGGCATACGAGAT,GCATGGCTCTAA,TTAGAGCCATGC,CG,GCTGCGTTCTTCATCGATGC ,CAAGCAGAAGACGGCATACGAGATTTAGAGCCATGCCGGCTGCGTTCTTCATCGATGC 
AOO2201,Sarg_Kusu_Ves_06,Kusu,Sargassum,Vesicle,1.222358N 103.865050E,CAAGCAGAAGACGGCATACGAGAT,CCATAGGGTTCA,TGAACCCTATGG,CG,GCTGCGTTCTTCATCGATGC ,CAAGCAGAAGACGGCATACGAGATTGAACCCTATGGCGGCTGCGTTCTTCATCGATGC 
AOO2202,Sarg_Kusu_Ves_07,Kusu,Sargassum,Vesicle,1.222358N 103.865050E,CAAGCAGAAGACGGCATACGAGAT,TGGCAAGACTCT,AGAGTCTTGCCA,CG,GCTGCGTTCTTCATCGATGC ,CAAGCAGAAGACGGCATACGAGATAGAGTCTTGCCACGGCTGCGTTCTTCATCGATGC 
AOO2203,Sarg_Kusu_Ves_08,Kusu,Sargassum,Vesicle,1.222358N 103.865050E,CAAGCAGAAGACGGCATACGAGAT,TCGGAGTGTTGT,ACAACACTCCGA,CG,GCTGCGTTCTTCATCGATGC ,CAAGCAGAAGACGGCATACGAGATACAACACTCCGACGGCTGCGTTCTTCATCGATGC 
AOO2204,Sarg_ST_John_HF_01,St John,Sargassum,Hold Fast,1.220543N 103.851841E,CAAGCAGAAGACGGCATACGAGAT,TCAACAGCATCG,CGATGCTGTTGA,CG,GCTGCGTTCTTCATCGATGC ,CAAGCAGAAGACGGCATACGAGATCGATGCTGTTGACGGCTGCGTTCTTCATCGATGC 
AOO2205,Sarg_ST_John_HF_02,St John,Sargassum,Hold Fast,1.220543N 103.851841E,CAAGCAGAAGACGGCATACGAGAT,TTATGCAGTCGT,ACGACTGCATAA,CG,GCTGCGTTCTTCATCGATGC ,CAAGCAGAAGACGGCATACGAGATACGACTGCATAACGGCTGCGTTCTTCATCGATGC 
AOO2206,Sarg_ST_John_HF_03,St John,Sargassum,Hold Fast,1.220543N 103.851841E,CAAGCAGAAGACGGCATACGAGAT,ATTAGTTCGCGT,ACGCGAACTAAT,CG,GCTGCGTTCTTCATCGATGC ,CAAGCAGAAGACGGCATACGAGATACGCGAACTAATCGGCTGCGTTCTTCATCGATGC 
AOO2207,Sarg_ST_John_HF_04,St John,Sargassum,Hold Fast,1.220543N 103.851841E,CAAGCAGAAGACGGCATACGAGAT,CCATACATAGCT,AGCTATGTATGG,CG,GCTGCGTTCTTCATCGATGC ,CAAGCAGAAGACGGCATACGAGATAGCTATGTATGGCGGCTGCGTTCTTCATCGATGC 
AOO2208,Sarg_Blank_5,Blank,Blank,Blank,Blank,CAAGCAGAAGACGGCATACGAGAT,ATGATGACCCGT,ACGGGTCATCAT,CG,GCTGCGTTCTTCATCGATGC ,CAAGCAGAAGACGGCATACGAGATACGGGTCATCATCGGCTGCGTTCTTCATCGATGC 
AOO2209,Sarg_ST_John_HF_05,St John,Sargassum,Hold Fast,1.220543N 103.851841E,CAAGCAGAAGACGGCATACGAGAT,GTGGGATGTTTC,GAAACATCCCAC,CG,GCTGCGTTCTTCATCGATGC ,CAAGCAGAAGACGGCATACGAGATGAAACATCCCACCGGCTGCGTTCTTCATCGATGC 
AOO2210,Sarg_ST_John_HF_06,St John,Sargassum,Hold Fast,1.220543N 103.851841E,CAAGCAGAAGACGGCATACGAGAT,CTCGAGAGTACG,CGTACTCTCGAG,CG,GCTGCGTTCTTCATCGATGC ,CAAGCAGAAGACGGCATACGAGATCGTACTCTCGAGCGGCTGCGTTCTTCATCGATGC 
AOO2211,Sarg_ST_John_HF_07,St John,Sargassum,Hold Fast,1.220543N 103.851841E,CAAGCAGAAGACGGCATACGAGAT,AACGAGAACTGA,TCAGTTCTCGTT,CG,GCTGCGTTCTTCATCGATGC ,CAAGCAGAAGACGGCATACGAGATTCAGTTCTCGTTCGGCTGCGTTCTTCATCGATGC 
AOO2212,Sarg_ST_John_HF_08,St John,Sargassum,Hold Fast,1.220543N 103.851841E,CAAGCAGAAGACGGCATACGAGAT,CAACACGCACGA,TCGTGCGTGTTG,CG,GCTGCGTTCTTCATCGATGC ,CAAGCAGAAGACGGCATACGAGATTCGTGCGTGTTGCGGCTGCGTTCTTCATCGATGC 
AOO2213,Sarg_ST_John_Leaf_01,St John,Sargassum,Leaf,1.220543N 103.851841E,CAAGCAGAAGACGGCATACGAGAT,CCATGCGATAAC,GTTATCGCATGG,CG,GCTGCGTTCTTCATCGATGC ,CAAGCAGAAGACGGCATACGAGATGTTATCGCATGGCGGCTGCGTTCTTCATCGATGC 
AOO2214,Sarg_ST_John_Leaf_02,St John,Sargassum,Leaf,1.220543N 103.851841E,CAAGCAGAAGACGGCATACGAGAT,CCTCTCGTGATC,GATCACGAGAGG,CG,GCTGCGTTCTTCATCGATGC ,CAAGCAGAAGACGGCATACGAGATGATCACGAGAGGCGGCTGCGTTCTTCATCGATGC 
AOO2215,Sarg_ST_John_Leaf_03,St John,Sargassum,Leaf,1.220543N 103.851841E,CAAGCAGAAGACGGCATACGAGAT,GCCTGAATTTAC,GTAAATTCAGGC,CG,GCTGCGTTCTTCATCGATGC ,CAAGCAGAAGACGGCATACGAGATGTAAATTCAGGCCGGCTGCGTTCTTCATCGATGC 
AOO2216,Sarg_ST_John_Leaf_04,St John,Sargassum,Leaf,1.220543N 103.851841E,CAAGCAGAAGACGGCATACGAGAT,GTCCGAAACACT,AGTGTTTCGGAC,CG,GCTGCGTTCTTCATCGATGC ,CAAGCAGAAGACGGCATACGAGATAGTGTTTCGGACCGGCTGCGTTCTTCATCGATGC 
AOO2217,Sarg_ST_John_Leaf_05,St John,Sargassum,Leaf,1.220543N 103.851841E,CAAGCAGAAGACGGCATACGAGAT,TAAACCGCGTGT,ACACGCGGTTTA,CG,GCTGCGTTCTTCATCGATGC ,CAAGCAGAAGACGGCATACGAGATACACGCGGTTTACGGCTGCGTTCTTCATCGATGC 
AOO2218,Sarg_ST_John_Leaf_06,St John,Sargassum,Leaf,1.220543N 103.851841E,CAAGCAGAAGACGGCATACGAGAT,CTAGATTTGCCA,TGGCAAATCTAG,CG,GCTGCGTTCTTCATCGATGC ,CAAGCAGAAGACGGCATACGAGATTGGCAAATCTAGCGGCTGCGTTCTTCATCGATGC 
AOO2219,Sarg_ST_John_Leaf_07,St John,Sargassum,Leaf,1.220543N 103.851841E,CAAGCAGAAGACGGCATACGAGAT,TAAGGTAAGGTG,CACCTTACCTTA,CG,GCTGCGTTCTTCATCGATGC ,CAAGCAGAAGACGGCATACGAGATCACCTTACCTTACGGCTGCGTTCTTCATCGATGC 
AOO2220,Sarg_ST_John_Leaf_08,St John,Sargassum,Leaf,1.220543N 103.851841E,CAAGCAGAAGACGGCATACGAGAT,CAGGAAGGTTAA,TTAACCTTCCTG,CG,GCTGCGTTCTTCATCGATGC ,CAAGCAGAAGACGGCATACGAGATTTAACCTTCCTGCGGCTGCGTTCTTCATCGATGC 
AOO2221,Sarg_ST_John_Ves_01,St John,Sargassum,Vesicle,1.220543N 103.851841E,CAAGCAGAAGACGGCATACGAGAT,TGGCATACGGCA,TGCCGTATGCCA,CG,GCTGCGTTCTTCATCGATGC ,CAAGCAGAAGACGGCATACGAGATTGCCGTATGCCACGGCTGCGTTCTTCATCGATGC 
AOO2222,Sarg_ST_John_Ves_02,St John,Sargassum,Vesicle,1.220543N 103.851841E,CAAGCAGAAGACGGCATACGAGAT,ACTATTGTCACG,CGTGACAATAGT,CG,GCTGCGTTCTTCATCGATGC ,CAAGCAGAAGACGGCATACGAGATCGTGACAATAGTCGGCTGCGTTCTTCATCGATGC 
AOO2223,Sarg_ST_John_Ves_03,St John,Sargassum,Vesicle,1.220543N 103.851841E,CAAGCAGAAGACGGCATACGAGAT,CGAGTTGTAGCG,CGCTACAACTCG,CG,GCTGCGTTCTTCATCGATGC ,CAAGCAGAAGACGGCATACGAGATCGCTACAACTCGCGGCTGCGTTCTTCATCGATGC 
AOO2224,Sarg_ST_John_Ves_04,St John,Sargassum,Vesicle,1.220543N 103.851841E,CAAGCAGAAGACGGCATACGAGAT,CGACTGTCTTAA,TTAAGACAGTCG,CG,GCTGCGTTCTTCATCGATGC ,CAAGCAGAAGACGGCATACGAGATTTAAGACAGTCGCGGCTGCGTTCTTCATCGATGC 
AOO2225,Sarg_ST_John_Ves_05,St John,Sargassum,Vesicle,1.220543N 103.851841E,CAAGCAGAAGACGGCATACGAGAT,GCTCAGTGCAGA,TCTGCACTGAGC,CG,GCTGCGTTCTTCATCGATGC ,CAAGCAGAAGACGGCATACGAGATTCTGCACTGAGCCGGCTGCGTTCTTCATCGATGC 
AOO2226,Sarg_ST_John_Ves_06,St John,Sargassum,Vesicle,1.220543N 103.851841E,CAAGCAGAAGACGGCATACGAGAT,TACTAATCTGCG,CGCAGATTAGTA,CG,GCTGCGTTCTTCATCGATGC ,CAAGCAGAAGACGGCATACGAGATCGCAGATTAGTACGGCTGCGTTCTTCATCGATGC 
AOO2227,Sarg_ST_John_Ves_07,St John,Sargassum,Vesicle,1.220543N 103.851841E,CAAGCAGAAGACGGCATACGAGAT,ATGTGGGACCCA,TGGGTCCCACAT,CG,GCTGCGTTCTTCATCGATGC ,CAAGCAGAAGACGGCATACGAGATTGGGTCCCACATCGGCTGCGTTCTTCATCGATGC 
AOO2228,Sarg_ST_John_Ves_08,St John,Sargassum,Vesicle,1.220543N 103.851841E,CAAGCAGAAGACGGCATACGAGAT,TATGCACCAGTG,CACTGGTGCATA,CG,GCTGCGTTCTTCATCGATGC ,CAAGCAGAAGACGGCATACGAGATCACTGGTGCATACGGCTGCGTTCTTCATCGATGC 
AOO2229,Sarg_Sisters_HF_01,Sisters,Sargassum,Hold Fast,1.212338N 103.833987E,CAAGCAGAAGACGGCATACGAGAT,AGAGCCTACGTT,AACGTAGGCTCT,CG,GCTGCGTTCTTCATCGATGC ,CAAGCAGAAGACGGCATACGAGATAACGTAGGCTCTCGGCTGCGTTCTTCATCGATGC 
AOO2230,Sarg_Sisters_HF_02,Sisters,Sargassum,Hold Fast,1.212338N 103.833987E,CAAGCAGAAGACGGCATACGAGAT,CGGACTACAACT,AGTTGTAGTCCG,CG,GCTGCGTTCTTCATCGATGC ,CAAGCAGAAGACGGCATACGAGATAGTTGTAGTCCGCGGCTGCGTTCTTCATCGATGC 
AOO2231,Sarg_Sisters_HF_03,Sisters,Sargassum,Hold Fast,1.212338N 103.833987E,CAAGCAGAAGACGGCATACGAGAT,CGGGTTTGACGA,TCGTCAAACCCG,CG,GCTGCGTTCTTCATCGATGC ,CAAGCAGAAGACGGCATACGAGATTCGTCAAACCCGCGGCTGCGTTCTTCATCGATGC 
AOO2232,Sarg_Sisters_HF_04,Sisters,Sargassum,Hold Fast,1.212338N 103.833987E,CAAGCAGAAGACGGCATACGAGAT,TGGCACCGATTA,TAATCGGTGCCA,CG,GCTGCGTTCTTCATCGATGC ,CAAGCAGAAGACGGCATACGAGATTAATCGGTGCCACGGCTGCGTTCTTCATCGATGC 
AOO2233,Sarg_Sisters_HF_05,Sisters,Sargassum,Hold Fast,1.212338N 103.833987E,CAAGCAGAAGACGGCATACGAGAT,CTACCGGATCAA,TTGATCCGGTAG,CG,GCTGCGTTCTTCATCGATGC ,CAAGCAGAAGACGGCATACGAGATTTGATCCGGTAGCGGCTGCGTTCTTCATCGATGC 
AOO2234,Sarg_Sisters_HF_06,Sisters,Sargassum,Hold Fast,1.212338N 103.833987E,CAAGCAGAAGACGGCATACGAGAT,AGCAAACACCCG,CGGGTGTTTGCT,CG,GCTGCGTTCTTCATCGATGC ,CAAGCAGAAGACGGCATACGAGATCGGGTGTTTGCTCGGCTGCGTTCTTCATCGATGC 
AOO2235,Sarg_Sisters_HF_07,Sisters,Sargassum,Hold Fast,1.212338N 103.833987E,CAAGCAGAAGACGGCATACGAGAT,AACCGCGGTCAA,TTGACCGCGGTT,CG,GCTGCGTTCTTCATCGATGC ,CAAGCAGAAGACGGCATACGAGATTTGACCGCGGTTCGGCTGCGTTCTTCATCGATGC 
AOO2236,Sarg_Sisters_HF_08,Sisters,Sargassum,Hold Fast,1.212338N 103.833987E,CAAGCAGAAGACGGCATACGAGAT,GATTGGTTGCAC,GTGCAACCAATC,CG,GCTGCGTTCTTCATCGATGC ,CAAGCAGAAGACGGCATACGAGATGTGCAACCAATCCGGCTGCGTTCTTCATCGATGC 
AOO2237,Sarg_Sisters_Leaf_01,Sisters,Sargassum,Leaf,1.212338N 103.833987E,CAAGCAGAAGACGGCATACGAGAT,TCAAGCTCAAGC,GCTTGAGCTTGA,CG,GCTGCGTTCTTCATCGATGC ,CAAGCAGAAGACGGCATACGAGATGCTTGAGCTTGACGGCTGCGTTCTTCATCGATGC 
AOO2238,Sarg_Sisters_Leaf_02,Sisters,Sargassum,Leaf,1.212338N 103.833987E,CAAGCAGAAGACGGCATACGAGAT,TAATCCACAGCG,CGCTGTGGATTA,CG,GCTGCGTTCTTCATCGATGC ,CAAGCAGAAGACGGCATACGAGATCGCTGTGGATTACGGCTGCGTTCTTCATCGATGC 
AOO2239,Sarg_Sisters_Leaf_03,Sisters,Sargassum,Leaf,1.212338N 103.833987E,CAAGCAGAAGACGGCATACGAGAT,GGTCACTGACAG,CTGTCAGTGACC,CG,GCTGCGTTCTTCATCGATGC ,CAAGCAGAAGACGGCATACGAGATCTGTCAGTGACCCGGCTGCGTTCTTCATCGATGC 
AOO2240,Sarg_Blank_6,Blank,Blank,Blank,Blank,CAAGCAGAAGACGGCATACGAGAT,GACTCGAATCGT,ACGATTCGAGTC,CG,GCTGCGTTCTTCATCGATGC ,CAAGCAGAAGACGGCATACGAGATACGATTCGAGTCCGGCTGCGTTCTTCATCGATGC 
AOO2241,Sarg_Sisters_Leaf_04,Sisters,Sargassum,Leaf,1.212338N 103.833987E,CAAGCAGAAGACGGCATACGAGAT,ATGGACCGAACC,GGTTCGGTCCAT,CG,GCTGCGTTCTTCATCGATGC ,CAAGCAGAAGACGGCATACGAGATGGTTCGGTCCATCGGCTGCGTTCTTCATCGATGC 
AOO2242,Sarg_Sisters_Leaf_05,Sisters,Sargassum,Leaf,1.212338N 103.833987E,CAAGCAGAAGACGGCATACGAGAT,AAGATGGATCAG,CTGATCCATCTT,CG,GCTGCGTTCTTCATCGATGC ,CAAGCAGAAGACGGCATACGAGATCTGATCCATCTTCGGCTGCGTTCTTCATCGATGC 
AOO2243,Sarg_Sisters_Leaf_06,Sisters,Sargassum,Leaf,1.212338N 103.833987E,CAAGCAGAAGACGGCATACGAGAT,AGCCGGCACATA,TATGTGCCGGCT,CG,GCTGCGTTCTTCATCGATGC ,CAAGCAGAAGACGGCATACGAGATTATGTGCCGGCTCGGCTGCGTTCTTCATCGATGC 
AOO2244,Sarg_Sisters_Leaf_07,Sisters,Sargassum,Leaf,1.212338N 103.833987E,CAAGCAGAAGACGGCATACGAGAT,ACGATGCGACCA,TGGTCGCATCGT,CG,GCTGCGTTCTTCATCGATGC ,CAAGCAGAAGACGGCATACGAGATTGGTCGCATCGTCGGCTGCGTTCTTCATCGATGC 
AOO2245,Sarg_Sisters_Leaf_08,Sisters,Sargassum,Leaf,1.212338N 103.833987E,CAAGCAGAAGACGGCATACGAGAT,CCAAGTCTTACA,TGTAAGACTTGG,CG,GCTGCGTTCTTCATCGATGC ,CAAGCAGAAGACGGCATACGAGATTGTAAGACTTGGCGGCTGCGTTCTTCATCGATGC 
AOO2246,Sarg_Sisters_Ves_01,Sisters,Sargassum,Vesicle,1.212338N 103.833987E,CAAGCAGAAGACGGCATACGAGAT,ACACTAGATCCG,CGGATCTAGTGT,CG,GCTGCGTTCTTCATCGATGC ,CAAGCAGAAGACGGCATACGAGATCGGATCTAGTGTCGGCTGCGTTCTTCATCGATGC 
AOO2247,Sarg_Sisters_Ves_02,Sisters,Sargassum,Vesicle,1.212338N 103.833987E,CAAGCAGAAGACGGCATACGAGAT,GCTCGAAGATCG,CGATCTTCGAGC,CG,GCTGCGTTCTTCATCGATGC ,CAAGCAGAAGACGGCATACGAGATCGATCTTCGAGCCGGCTGCGTTCTTCATCGATGC 
AOO2248,Sarg_Sisters_Ves_03,Sisters,Sargassum,Vesicle,1.212338N 103.833987E,CAAGCAGAAGACGGCATACGAGAT,CGCAAATTCGAC,GTCGAATTTGCG,CG,GCTGCGTTCTTCATCGATGC ,CAAGCAGAAGACGGCATACGAGATGTCGAATTTGCGCGGCTGCGTTCTTCATCGATGC 
AOO2249,Sarg_Sisters_Ves_04,Sisters,Sargassum,Vesicle,1.212338N 103.833987E,CAAGCAGAAGACGGCATACGAGAT,TAACTCTGATGC,GCATCAGAGTTA,CG,GCTGCGTTCTTCATCGATGC ,CAAGCAGAAGACGGCATACGAGATGCATCAGAGTTACGGCTGCGTTCTTCATCGATGC 
AOO2250,Sarg_Sisters_Ves_05,Sisters,Sargassum,Vesicle,1.212338N 103.833987E,CAAGCAGAAGACGGCATACGAGAT,TACGATGACCAC,GTGGTCATCGTA,CG,GCTGCGTTCTTCATCGATGC ,CAAGCAGAAGACGGCATACGAGATGTGGTCATCGTACGGCTGCGTTCTTCATCGATGC 
AOO2251,Sarg_Sisters_Ves_06,Sisters,Sargassum,Vesicle,1.212338N 103.833987E,CAAGCAGAAGACGGCATACGAGAT,TTCGCCCTTCAG,CTGAAGGGCGAA,CG,GCTGCGTTCTTCATCGATGC ,CAAGCAGAAGACGGCATACGAGATCTGAAGGGCGAACGGCTGCGTTCTTCATCGATGC 
AOO2252,Sarg_Sisters_Ves_07,Sisters,Sargassum,Vesicle,1.212338N 103.833987E,CAAGCAGAAGACGGCATACGAGAT,ATTCTGTGAGCG,CGCTCACAGAAT,CG,GCTGCGTTCTTCATCGATGC ,CAAGCAGAAGACGGCATACGAGATCGCTCACAGAATCGGCTGCGTTCTTCATCGATGC 
AOO2253,Sarg_Sisters_Ves_08,Sisters,Sargassum,Vesicle,1.212338N 103.833987E,CAAGCAGAAGACGGCATACGAGAT,GCACTACCGAAT,ATTCGGTAGTGC,CG,GCTGCGTTCTTCATCGATGC ,CAAGCAGAAGACGGCATACGAGATATTCGGTAGTGCCGGCTGCGTTCTTCATCGATGC 
AOO2254,Sarg_Blank_7,Blank,Blank,Blank,,CAAGCAGAAGACGGCATACGAGAT,GGTAACAGCTCG,CGAGCTGTTACC,CG,GCTGCGTTCTTCATCGATGC ,CAAGCAGAAGACGGCATACGAGATCGAGCTGTTACCCGGCTGCGTTCTTCATCGATGC 
AOO2255,TA_Han_Pro_0m,Hantu 0 meters protected,Turf Algae,,,CAAGCAGAAGACGGCATACGAGAT,GGCAACCTCAGA,TCTGAGGTTGCC,CG,GCTGCGTTCTTCATCGATGC ,CAAGCAGAAGACGGCATACGAGATTCTGAGGTTGCCCGGCTGCGTTCTTCATCGATGC 
AOO2256,TA_Han_Pro_2.5m,Hantu 2.5 meters protected,Turf Algae,,,CAAGCAGAAGACGGCATACGAGAT,GAGAGAATGATC,GATCATTCTCTC,CG,GCTGCGTTCTTCATCGATGC ,CAAGCAGAAGACGGCATACGAGATGATCATTCTCTCCGGCTGCGTTCTTCATCGATGC 
AOO2257,TA_Han_Pro_5m,Hantu 5 meters protected,Turf Algae,,,CAAGCAGAAGACGGCATACGAGAT,TACGGTATGTCT,AGACATACCGTA,CG,GCTGCGTTCTTCATCGATGC ,CAAGCAGAAGACGGCATACGAGATAGACATACCGTACGGCTGCGTTCTTCATCGATGC 
AOO2258,TA_Han_Pro_7.5m,Hantu 7.5 meters protected,Turf Algae,,,CAAGCAGAAGACGGCATACGAGAT,CGCATGAGGATC,GATCCTCATGCG,CG,GCTGCGTTCTTCATCGATGC ,CAAGCAGAAGACGGCATACGAGATGATCCTCATGCGCGGCTGCGTTCTTCATCGATGC 
AOO2259,TA_Han_Pro_10m,Hantu 10 meters protected,Turf Algae,,,CAAGCAGAAGACGGCATACGAGAT,AGGGACGATAAT,ATTATCGTCCCT,CG,GCTGCGTTCTTCATCGATGC ,CAAGCAGAAGACGGCATACGAGATATTATCGTCCCTCGGCTGCGTTCTTCATCGATGC 
AOO2260,TA_Han_Exp_0m,Hantu 0 meters exposed,Turf Algae,,,CAAGCAGAAGACGGCATACGAGAT,ATAGCGGTCTGG,CCAGACCGCTAT,CG,GCTGCGTTCTTCATCGATGC ,CAAGCAGAAGACGGCATACGAGATCCAGACCGCTATCGGCTGCGTTCTTCATCGATGC 
AOO2261,TA_Han_Exp_2.5m,Hantu 2.5 meters exposed,Turf Algae,,,CAAGCAGAAGACGGCATACGAGAT,GTTTCTAGAGCT,AGCTCTAGAAAC,CG,GCTGCGTTCTTCATCGATGC ,CAAGCAGAAGACGGCATACGAGATAGCTCTAGAAACCGGCTGCGTTCTTCATCGATGC 
AOO2262,TA_Han_Exp_5m,Hantu 5 meters exposed,Turf Algae,,,CAAGCAGAAGACGGCATACGAGAT,CACGTCGATGGA,TCCATCGACGTG,CG,GCTGCGTTCTTCATCGATGC ,CAAGCAGAAGACGGCATACGAGATTCCATCGACGTGCGGCTGCGTTCTTCATCGATGC 
AOO2263,TA_Han_Exp_7.5m,Hantu 7.5 meters exposed,Turf Algae,,,CAAGCAGAAGACGGCATACGAGAT,AACCACACATCG,CGATGTGTGGTT,CG,GCTGCGTTCTTCATCGATGC ,CAAGCAGAAGACGGCATACGAGATCGATGTGTGGTTCGGCTGCGTTCTTCATCGATGC 
AOO2264,TA_Han_Exp_10m,Hantu 10 meters exposed,Turf Algae,,,CAAGCAGAAGACGGCATACGAGAT,TCCCAACTTCGC,GCGAAGTTGGGA,CG,GCTGCGTTCTTCATCGATGC ,CAAGCAGAAGACGGCATACGAGATGCGAAGTTGGGACGGCTGCGTTCTTCATCGATGC 
AOO2265,TA_Sen_Pro_0m,Sentosa 0 meters protected,Turf Algae,,,CAAGCAGAAGACGGCATACGAGAT,AACGCCGAATGC,GCATTCGGCGTT,CG,GCTGCGTTCTTCATCGATGC ,CAAGCAGAAGACGGCATACGAGATGCATTCGGCGTTCGGCTGCGTTCTTCATCGATGC 
AOO2266,TA_Sen_Pro_5m,Sentosa 2.5 meters protected,Turf Algae,,,CAAGCAGAAGACGGCATACGAGAT,TGCACAATGGCG,CGCCATTGTGCA,CG,GCTGCGTTCTTCATCGATGC ,CAAGCAGAAGACGGCATACGAGATCGCCATTGTGCACGGCTGCGTTCTTCATCGATGC 
AOO2267,TA_Sen_Pro_10m,Sentosa 5 meters protected,Turf Algae,,,CAAGCAGAAGACGGCATACGAGAT,TCTGCAGTTGGA,TCCAACTGCAGA,CG,GCTGCGTTCTTCATCGATGC ,CAAGCAGAAGACGGCATACGAGATTCCAACTGCAGACGGCTGCGTTCTTCATCGATGC 
AOO2268,TA_Sen_Exp_0m,Sentosa 0 meters exposed,Turf Algae,,,CAAGCAGAAGACGGCATACGAGAT,TACGGGTCTTTA,TAAAGACCCGTA,CG,GCTGCGTTCTTCATCGATGC ,CAAGCAGAAGACGGCATACGAGATTAAAGACCCGTACGGCTGCGTTCTTCATCGATGC 
AOO2269,TA_Sen_Exp_5m,Sentosa 2.5 meters exposed,Turf Algae,,,CAAGCAGAAGACGGCATACGAGAT,GGTGAAGATACA,TGTATCTTCACC,CG,GCTGCGTTCTTCATCGATGC ,CAAGCAGAAGACGGCATACGAGATTGTATCTTCACCCGGCTGCGTTCTTCATCGATGC 
AOO2270,TA_Sen_Exp_10m,Sentosa 5 meters exposed,Turf Algae,,,CAAGCAGAAGACGGCATACGAGAT,GACGAGTCAGTC,GACTGACTCGTC,CG,GCTGCGTTCTTCATCGATGC ,CAAGCAGAAGACGGCATACGAGATGACTGACTCGTCCGGCTGCGTTCTTCATCGATGC 
AOO2271,TA_Laz_Pro_0m,Lazarus 0 meters protected,Turf Algae,,,CAAGCAGAAGACGGCATACGAGAT,AGCTATCCACGA,TCGTGGATAGCT,CG,GCTGCGTTCTTCATCGATGC ,CAAGCAGAAGACGGCATACGAGATTCGTGGATAGCTCGGCTGCGTTCTTCATCGATGC 
AOO2272,TA_Laz_Pro_2.5m,Lazarus 2.5 meters protected,Turf Algae,,,CAAGCAGAAGACGGCATACGAGAT,AGTTAGTGCGTC,GACGCACTAACT,CG,GCTGCGTTCTTCATCGATGC ,CAAGCAGAAGACGGCATACGAGATGACGCACTAACTCGGCTGCGTTCTTCATCGATGC 
AOO2273,TA_Laz_Pro_5m,Lazarus 5 meters protected,Turf Algae,,,CAAGCAGAAGACGGCATACGAGAT,ACGTAAATCGCC,GGCGATTTACGT,CG,GCTGCGTTCTTCATCGATGC ,CAAGCAGAAGACGGCATACGAGATGGCGATTTACGTCGGCTGCGTTCTTCATCGATGC 
AOO2274,TA_Laz_Pro_7.5m,Lazarus 7.5 meters protected,Turf Algae,,,CAAGCAGAAGACGGCATACGAGAT,AGCGATGCCTTA,TAAGGCATCGCT,CG,GCTGCGTTCTTCATCGATGC ,CAAGCAGAAGACGGCATACGAGATTAAGGCATCGCTCGGCTGCGTTCTTCATCGATGC 
AOO2275,TA_Laz_Pro_10m,Lazarus 10 meters protected,Turf Algae,,,CAAGCAGAAGACGGCATACGAGAT,GGCTGTATGGGT,ACCCATACAGCC,CG,GCTGCGTTCTTCATCGATGC ,CAAGCAGAAGACGGCATACGAGATACCCATACAGCCCGGCTGCGTTCTTCATCGATGC 
AOO2276,TA_Laz_Exp_0m,Lazarus 0 meters exposed,Turf Algae,,,CAAGCAGAAGACGGCATACGAGAT,ATGCGTAGTGCG,CGCACTACGCAT,CG,GCTGCGTTCTTCATCGATGC ,CAAGCAGAAGACGGCATACGAGATCGCACTACGCATCGGCTGCGTTCTTCATCGATGC 
AOO2277,TA_Laz_Exp_2.5m,Lazarus 2.5 meters exposed,Turf Algae,,,CAAGCAGAAGACGGCATACGAGAT,TCTTAACGACTG,CAGTCGTTAAGA,CG,GCTGCGTTCTTCATCGATGC ,CAAGCAGAAGACGGCATACGAGATCAGTCGTTAAGACGGCTGCGTTCTTCATCGATGC 
AOO2278,TA_Laz_Exp_5m,Lazarus 5 meters exposed,Turf Algae,,,CAAGCAGAAGACGGCATACGAGAT,AGGCTTTCGTAG,CTACGAAAGCCT,CG,GCTGCGTTCTTCATCGATGC ,CAAGCAGAAGACGGCATACGAGATCTACGAAAGCCTCGGCTGCGTTCTTCATCGATGC 
AOO2279,TA_Laz_Exp_7.5m,Lazarus 7.5 meters exposed,Turf Algae,,,CAAGCAGAAGACGGCATACGAGAT,CTCGGCAATTAT,ATAATTGCCGAG,CG,GCTGCGTTCTTCATCGATGC ,CAAGCAGAAGACGGCATACGAGATATAATTGCCGAGCGGCTGCGTTCTTCATCGATGC 
AOO2280,TA_Laz_Exp_10m,Lazarus 10 meters exposed,Turf Algae,,,CAAGCAGAAGACGGCATACGAGAT,CGATAACATGCC,GGCATGTTATCG,CG,GCTGCGTTCTTCATCGATGC ,CAAGCAGAAGACGGCATACGAGATGGCATGTTATCGCGGCTGCGTTCTTCATCGATGC 
AOO2281,TA_Han_B_Pro_0m,Hantu_protected_B,Turf Algae,,,CAAGCAGAAGACGGCATACGAGAT,CCTACTGTGCCT,AGGCACAGTAGG,CG,GCTGCGTTCTTCATCGATGC ,CAAGCAGAAGACGGCATACGAGATAGGCACAGTAGGCGGCTGCGTTCTTCATCGATGC 
AOO2282,TA_Han_C_Pro_0m,Hantu_protected_C,Turf Algae,,,CAAGCAGAAGACGGCATACGAGAT,GGATGTAAGTAG,CTACTTACATCC,CG,GCTGCGTTCTTCATCGATGC ,CAAGCAGAAGACGGCATACGAGATCTACTTACATCCCGGCTGCGTTCTTCATCGATGC 
AOO2283,TA_positive,Positive,Turf Algae,,,CAAGCAGAAGACGGCATACGAGAT,TGATCAGAAGAG,CTCTTCTGATCA,CG,GCTGCGTTCTTCATCGATGC ,CAAGCAGAAGACGGCATACGAGATCTCTTCTGATCACGGCTGCGTTCTTCATCGATGC 
AOO2285,Acuta_Fun_A1_PNA_5um_dil1,PAcuta PNA test_A1_dilution_1,Coral PNA test,,,CAAGCAGAAGACGGCATACGAGAT,ACCGATAATTCC,GGAATTATCGGT,CG,GCTGCGTTCTTCATCGATGC ,CAAGCAGAAGACGGCATACGAGATGGAATTATCGGTCGGCTGCGTTCTTCATCGATGC 
AOO2286,Acuta_Fun_A2_PNA_5um_dil1,PAcuta PNA test_A2_dilution_1,Coral PNA test,,,CAAGCAGAAGACGGCATACGAGAT,CTATGCTTGATG,CATCAAGCATAG,CG,GCTGCGTTCTTCATCGATGC ,CAAGCAGAAGACGGCATACGAGATCATCAAGCATAGCGGCTGCGTTCTTCATCGATGC 
AOO2287,Acuta_Fun_A3_PNA_5um_dil1,PAcuta PNA test_A3_dilution_1,Coral PNA test,,,CAAGCAGAAGACGGCATACGAGAT,GTCAACGCGATG,CATCGCGTTGAC,CG,GCTGCGTTCTTCATCGATGC ,CAAGCAGAAGACGGCATACGAGATCATCGCGTTGACCGGCTGCGTTCTTCATCGATGC 
AOO2288,Acuta_Fun_A4_PNA_5um_dil1,PAcuta PNA test_A4_dilution_1,Coral PNA test,,,CAAGCAGAAGACGGCATACGAGAT,ACGACTATGTGC,GCACATAGTCGT,CG,GCTGCGTTCTTCATCGATGC ,CAAGCAGAAGACGGCATACGAGATGCACATAGTCGTCGGCTGCGTTCTTCATCGATGC 
AOO2289,Acuta_Fun_A1_PNA_5um_dil2,PAcuta PNA test_A1_dilution_2,Coral PNA test,,,CAAGCAGAAGACGGCATACGAGAT,AGTGTATTTGCC,GGCAAATACACT,CG,GCTGCGTTCTTCATCGATGC ,CAAGCAGAAGACGGCATACGAGATGGCAAATACACTCGGCTGCGTTCTTCATCGATGC 
AOO2290,Acuta_Fun_A2_PNA_5um_dil2,PAcuta PNA test_A2_dilution_2,Coral PNA test,,,CAAGCAGAAGACGGCATACGAGAT,CTGGAGCATGAC,GTCATGCTCCAG,CG,GCTGCGTTCTTCATCGATGC ,CAAGCAGAAGACGGCATACGAGATGTCATGCTCCAGCGGCTGCGTTCTTCATCGATGC 
AOO2291,Acuta_Fun_A3_PNA_5um_dil2,PAcuta PNA test_A3_dilution_2,Coral PNA test,,,CAAGCAGAAGACGGCATACGAGAT,CAGCTTACTAGG,CCTAGTAAGCTG,CG,GCTGCGTTCTTCATCGATGC ,CAAGCAGAAGACGGCATACGAGATCCTAGTAAGCTGCGGCTGCGTTCTTCATCGATGC 
AOO2292,Acuta_Fun_A4_PNA_5um_dil2,PAcuta PNA test_A4_dilution_2,Coral PNA test,,,CAAGCAGAAGACGGCATACGAGAT,ACTCGTCGGTAA,TTACCGACGAGT,CG,GCTGCGTTCTTCATCGATGC ,CAAGCAGAAGACGGCATACGAGATTTACCGACGAGTCGGCTGCGTTCTTCATCGATGC 
AOO2293,Lutea_Fun_A1_PNA_5um_dil1,PLutea PNA test_A1_dilution_1,Coral PNA test,,,CAAGCAGAAGACGGCATACGAGAT,CAGATTTCGGTG,CACCGAAATCTG,CG,GCTGCGTTCTTCATCGATGC ,CAAGCAGAAGACGGCATACGAGATCACCGAAATCTGCGGCTGCGTTCTTCATCGATGC 
AOO2294,Lutea_Fun_A2_PNA_5um_dil1,PLutea PNA test_A2_dilution_1,Coral PNA test,,,CAAGCAGAAGACGGCATACGAGAT,AGTTCTACGTCA,TGACGTAGAACT,CG,GCTGCGTTCTTCATCGATGC ,CAAGCAGAAGACGGCATACGAGATTGACGTAGAACTCGGCTGCGTTCTTCATCGATGC 
AOO2295,Lutea_Fun_A3_PNA_5um_dil1,PLutea PNA test_A3_dilution_1,Coral PNA test,,,CAAGCAGAAGACGGCATACGAGAT,TAGCCGGCATAG,CTATGCCGGCTA,CG,GCTGCGTTCTTCATCGATGC ,CAAGCAGAAGACGGCATACGAGATCTATGCCGGCTACGGCTGCGTTCTTCATCGATGC 
AOO2296,Lutea_Fun_A4_PNA_5um_dil1,PLutea PNA test_A4_dilution_1,Coral PNA test,,,CAAGCAGAAGACGGCATACGAGAT,CTCCCATACCAC,GTGGTATGGGAG,CG,GCTGCGTTCTTCATCGATGC ,CAAGCAGAAGACGGCATACGAGATGTGGTATGGGAGCGGCTGCGTTCTTCATCGATGC 
AOO2297,Lutea_Fun_A1_PNA_5um_dil2,PLutea PNA test_A1_dilution_2,Coral PNA test,,,CAAGCAGAAGACGGCATACGAGAT,TCGGTTGGTACA,TGTACCAACCGA,CG,GCTGCGTTCTTCATCGATGC ,CAAGCAGAAGACGGCATACGAGATTGTACCAACCGACGGCTGCGTTCTTCATCGATGC 
AOO2298,Lutea_Fun_A2_PNA_5um_dil2,PLutea PNA test_A2_dilution_2,Coral PNA test,,,CAAGCAGAAGACGGCATACGAGAT,ACCCTGTACCCT,AGGGTACAGGGT,CG,GCTGCGTTCTTCATCGATGC ,CAAGCAGAAGACGGCATACGAGATAGGGTACAGGGTCGGCTGCGTTCTTCATCGATGC 
AOO2299,Lutea_Fun_A3_PNA_5um_dil2,PLutea PNA test_A3_dilution_2,Coral PNA test,,,CAAGCAGAAGACGGCATACGAGAT,GATTAGCACTCT,AGAGTGCTAATC,CG,GCTGCGTTCTTCATCGATGC ,CAAGCAGAAGACGGCATACGAGATAGAGTGCTAATCCGGCTGCGTTCTTCATCGATGC 
AOO2300,Lutea_Fun_A4_PNA_5um_dil2,PLutea PNA test_A4_dilution_2,Coral PNA test,,,CAAGCAGAAGACGGCATACGAGAT,ATAACCCGCCAA,TTGGCGGGTTAT,CG,GCTGCGTTCTTCATCGATGC ,CAAGCAGAAGACGGCATACGAGATTTGGCGGGTTATCGGCTGCGTTCTTCATCGATGC 
